record,scale_whole_run,scale_used,x_at_0_or_1_pct_first500
0060,25.1,25.1,56.4
0465,44.5,40.4,46.0
1112,48.9,48.2,54.0
0002,57.0,64.3,63.7
0155,25.0,24.9,55.7
0515,25.4,28.8,61.5
0612,101.1,101.6,56.3
0275,48.3,46.5,53.5
0897,94.6,113.4,62.4
0248,34.1,33.8,54.5
0164,37.8,36.6,53.7
0314,32.9,32.6,54.3
0114,59.7,60.4,57.9
0395,62.6,61.8,54.9
0401,26.8,26.6,55.5
0936,49.6,55.9,60.7
0082,55.9,55.2,53.3
0420,62.9,65.4,60.2
0053,44.1,44.1,55.7
0942,54.2,55.3,58.3
0413,62.0,61.6,54.6
0214,49.7,52.5,63.9
0229,70.0,67.8,53.5
0237,71.8,69.5,52.1
0153,55.2,54.6,54.9
0276,230.2,237.0,58.7
0312,100.5,96.6,53.9
0249,113.4,112.3,54.5
0188,97.7,97.5,55.9
0323,55.1,44.6,53.0
