record,scale,age,rails_pct,H_distinct,H_merged,P_overlaps,P_overlap_pairs,zP_central,zP_backward,P_PQ,P_QR,P_RS,P_ST,P_TP
0060,25.1,18-19,56.4,3,Q-R/T-P R-S/S-T,0,,none,none,0.139,0.517,0.017,0.946,0.442
0465,40.4,18-19,45.9,3,Q-R/T-P R-S/S-T,3,P-Q/R-S Q-R/S-T S-T/T-P,none,none,0.088,0.497,0.059,0.803,0.44
1112,48.2,20-24,54.0,3,Q-R/T-P R-S/S-T,3,P-Q/R-S Q-R/S-T S-T/T-P,P-Q/R-S,P-Q/R-S,0.176,0.538,0.077,0.847,0.443
0002,64.3,20-24,63.7,3,Q-R/T-P R-S/S-T,0,,none,none,0.207,0.542,0.014,0.933,0.454
0155,24.9,25-29,55.5,3,Q-R/T-P R-S/S-T,0,,none,none,0.149,0.517,0.019,0.94,0.448
0515,28.8,25-29,61.4,3,Q-R/T-P R-S/S-T,2,P-Q/R-S Q-R/S-T,P-Q/R-S,P-Q/R-S,0.177,0.528,0.036,0.909,0.449
0612,101.6,30-34,56.3,1,P-Q/R-S P-Q/S-T Q-R/T-P R-S/S-T,2,P-Q/R-S Q-R/T-P,P-Q/R-S,P-Q/R-S,0.017,0.449,0.018,0.909,0.445
0275,46.5,30-34,53.5,3,Q-R/T-P R-S/S-T,6,P-Q/R-S Q-R/R-S Q-R/S-T Q-R/T-P R-S/T-P S-T/T-P,P-Q/R-S S-T/T-P,P-Q/R-S,0.052,0.481,0.093,0.755,0.439
0897,113.4,35-39,62.4,2,P-Q/R-S P-Q/S-T Q-R/T-P,8,P-Q/R-S P-Q/S-T Q-R/R-S Q-R/S-T Q-R/T-P R-S/S-T R-S/T-P S-T/T-P,P-Q/R-S Q-R/R-S Q-R/S-T Q-R/T-P S-T/T-P,P-Q/R-S Q-R/R-S,0.016,0.446,0.246,0.548,0.443
0248,33.8,35-39,54.5,3,Q-R/T-P R-S/S-T,1,P-Q/R-S,P-Q/R-S,P-Q/R-S,0.096,0.5,0.02,0.932,0.439
0164,36.6,40-44,53.8,2,P-Q/R-S Q-R/T-P R-S/S-T,2,P-Q/R-S Q-R/T-P,P-Q/R-S,P-Q/R-S,0.022,0.454,0.026,0.857,0.437
0314,32.6,40-44,53.9,2,P-Q/R-S Q-R/T-P R-S/S-T,1,P-Q/R-S,none,P-Q/R-S,0.019,0.451,0.021,0.923,0.437
0114,60.4,45-49,57.8,1,P-Q/R-S P-Q/S-T Q-R/T-P R-S/S-T,7,P-Q/R-S Q-R/R-S Q-R/S-T Q-R/T-P R-S/S-T R-S/T-P S-T/T-P,P-Q/R-S Q-R/R-S S-T/T-P,P-Q/R-S,0.017,0.444,0.098,0.787,0.446
0395,61.8,45-49,54.9,1,P-Q/R-S P-Q/S-T Q-R/T-P R-S/S-T,7,P-Q/R-S Q-R/R-S Q-R/S-T Q-R/T-P R-S/S-T R-S/T-P S-T/T-P,P-Q/R-S Q-R/R-S S-T/T-P,P-Q/R-S,0.016,0.445,0.102,0.67,0.439
0401,26.6,50-54,55.5,2,P-Q/R-S Q-R/T-P R-S/S-T,4,P-Q/R-S Q-R/S-T Q-R/T-P S-T/T-P,P-Q/R-S S-T/T-P,P-Q/R-S,0.043,0.47,0.07,0.72,0.44
0936,55.9,50-54,60.7,3,P-Q/S-T Q-R/T-P,8,P-Q/R-S P-Q/S-T Q-R/R-S Q-R/S-T Q-R/T-P R-S/S-T R-S/T-P S-T/T-P,P-Q/R-S P-Q/S-T Q-R/R-S S-T/T-P,P-Q/R-S P-Q/S-T Q-R/R-S,0.019,0.462,0.395,0.38,0.451
0082,55.2,55-59,53.3,3,P-Q/S-T Q-R/T-P,7,P-Q/R-S P-Q/S-T Q-R/R-S Q-R/S-T R-S/S-T R-S/T-P S-T/T-P,P-Q/R-S R-S/S-T S-T/T-P,P-Q/R-S,0.016,0.448,0.262,0.456,0.443
0420,65.4,55-59,60.3,2,P-Q/R-S Q-R/T-P R-S/S-T,2,P-Q/R-S Q-R/T-P,P-Q/R-S,P-Q/R-S,0.015,0.444,0.017,0.907,0.436
0053,44.1,60-64,55.9,1,P-Q/R-S P-Q/S-T Q-R/T-P R-S/S-T,2,P-Q/R-S Q-R/T-P,P-Q/R-S,P-Q/R-S,0.058,0.468,0.044,0.909,0.437
0942,55.3,60-64,58.4,3,Q-R/T-P R-S/S-T,2,P-Q/R-S Q-R/T-P,P-Q/R-S,P-Q/R-S,0.096,0.493,0.013,0.864,0.464
0413,61.6,65-69,54.6,3,P-Q/S-T Q-R/T-P,8,P-Q/R-S P-Q/S-T Q-R/R-S Q-R/S-T Q-R/T-P R-S/S-T R-S/T-P S-T/T-P,P-Q/R-S R-S/S-T S-T/T-P,P-Q/R-S,0.016,0.445,0.175,0.516,0.441
0214,52.5,65-69,63.8,1,P-Q/S-T Q-R/R-S Q-R/T-P R-S/T-P,2,P-Q/S-T Q-R/T-P,P-Q/S-T,P-Q/S-T,0.039,0.466,0.991,0.035,0.464
0229,67.8,70-74,53.6,3,P-Q/S-T Q-R/T-P,7,P-Q/R-S Q-R/R-S Q-R/S-T Q-R/T-P R-S/S-T R-S/T-P S-T/T-P,P-Q/R-S Q-R/R-S R-S/S-T R-S/T-P S-T/T-P,P-Q/R-S Q-R/R-S R-S/S-T R-S/T-P S-T/T-P,0.02,0.448,0.139,0.578,0.437
0237,69.5,70-74,52.1,2,P-Q/R-S Q-R/T-P R-S/S-T,4,P-Q/R-S Q-R/S-T R-S/S-T S-T/T-P,P-Q/R-S S-T/T-P,P-Q/R-S,0.018,0.449,0.099,0.684,0.44
0153,54.6,75-79,55.0,4,Q-R/T-P,1,P-Q/R-S,none,none,0.051,0.473,0.014,0.914,0.438
0276,237.0,75-79,58.7,1,P-Q/R-S Q-R/S-T Q-R/T-P S-T/T-P,3,P-Q/R-S Q-R/S-T S-T/T-P,none,S-T/T-P,0.042,0.469,0.041,0.494,0.864
0312,96.6,80-84,53.9,3,P-Q/R-S Q-R/T-P,4,P-Q/R-S Q-R/S-T Q-R/T-P S-T/T-P,P-Q/R-S S-T/T-P,P-Q/R-S S-T/T-P,0.056,0.455,0.029,0.622,0.551
0249,112.3,80-84,54.5,1,P-Q/R-S P-Q/S-T Q-R/T-P R-S/S-T,2,P-Q/R-S Q-R/T-P,P-Q/R-S,none,0.011,0.442,0.02,0.926,0.444
0188,97.5,85-92,55.8,1,P-Q/R-S P-Q/S-T Q-R/T-P R-S/S-T,2,P-Q/R-S Q-R/T-P,P-Q/R-S,none,0.048,0.46,0.034,0.898,0.434
0323,44.6,85-92,53.0,4,Q-R/T-P,1,Q-R/T-P,none,none,0.122,0.505,0.012,0.803,0.48
