record,age,beats,RR,cos_overlaps,sin_overlaps,maha,maha_pair,rho,rho_r,x_min,x_max,x_rails_pct
0060,18-19,1085,822.0,1,2,6.697944728785469,P→Q / S→T,0.22208567964318002,0.4163321269805516,0.05911126549864555,0.9516593775213227,0.0
0465,18-19,883,1019.0,1,5,5.274151491764731,P→Q / S→T,0.2393427143199309,0.6958934611457164,0.036161844649619086,0.9677124925748142,0.0
1112,20-24,992,892.0,2,7,2.9160903752273306,P→Q / R→S,0.202212622992025,0.3493411536723648,0.1298728029899917,0.8751138776829483,0.0
0002,20-24,981,919.0,5,5,2.2096817630677927,P→Q / S→T,-0.0675006623162688,0.023437542393530606,0.001043088456935678,0.9996473688038442,0.08156606851549755
0155,25-29,1115,799.0,2,3,5.31798864604728,P→Q / S→T,0.18372642843835152,0.5182397561476371,0.029517561610470346,0.9189369097234169,0.0
0515,25-29,1000,880.0,6,5,2.385280636431461,P→Q / S→T,0.04082879578376978,0.17364259535796084,3.864081479833545e-06,0.999976966013261,0.22004400880176034
0612,30-34,1089,819.0,10,8,0.14883836529624475,P→Q / S→T,0.05614899929814714,0.2747236283178946,1.8929509600858685e-45,1.0,0.2755326965466569
0275,30-34,1181,758.0,1,4,3.5084176308418398,P→Q / R→S,0.28270883683227777,0.4092115268692726,0.0714562536728951,0.9621254548129163,0.0
0897,35-39,1218,721.0,3,5,2.7645187018198873,P→Q / S→T,-0.5505528792432893,-0.38748588993572936,0.29201279396625035,0.7509457051859236,0.0
0248,35-39,925,959.0,2,6,3.7624506030318225,R→S / S→T,0.13946508827037885,0.22547122024491664,0.04284822348355017,0.9785285401373993,0.0
0164,40-44,1107,818.0,1,3,4.232664226007564,P→Q / S→T,0.203269415128524,0.34844489330542405,0.06313546936551791,0.97782412382268,0.0
0314,40-44,1076,836.0,3,4,5.017714362945933,P→Q / R→S,0.19778579161477536,0.23466296950464408,0.03966091111428293,0.9656481748939719,0.0
0114,45-49,946,958.0,4,4,3.090775398134452,P→Q / S→T,-0.0798266829492142,0.07345293424820765,0.1752698946268781,0.8567486047091691,0.0
0395,45-49,1209,743.0,1,5,8.057535174008333,R→S / T→P,-0.1344769395596531,-0.072302592698339,0.11556277363739198,0.9075287372087409,0.0
0401,50-54,1226,731.0,2,3,7.759773227287481,P→Q / T→P,0.13335501819422002,0.2041285353189466,0.04318566474381303,0.9966064367886386,0.01631587534671235
0936,50-54,1376,642.0,4,3,1.3572279650304258,P→Q / S→T,0.02959368810786123,0.42540589270116624,0.00816694381055148,0.9737548185880125,0.014536996656490768
0082,55-59,1089,821.0,1,3,5.341866850884009,P→Q / S→T,0.373784439752287,0.461086226666189,0.14791017320484998,0.9278105167328005,0.0
0420,55-59,940,955.0,1,5,2.523148275761462,P→Q / R→S,0.11546435467666709,0.18298534697130023,0.006209905385513028,0.9975488456120614,0.04256224728665674
0053,60-64,954,945.5,4,2,4.517066079835536,Q→R / T→P,-0.40450301187470816,-0.0770226776611967,0.16333675053015193,0.8717123028674102,0.0
0942,60-64,849,1059.0,3,1,6.124264112885869,P→Q / T→P,-0.006997252595285332,0.0749458547566144,0.15825428112141118,0.8714846042051442,0.0
0413,65-69,1105,814.0,3,4,3.044448314543315,P→Q / S→T,-0.18478712795540098,-0.12945272912687236,0.1807633882861662,0.8649817589305556,0.0
0214,65-69,1059,856.0,3,2,8.156392938650505,Q→R / T→P,-0.06434451683440498,0.18451458729748835,0.22932695563682293,0.809024274953856,0.0
0229,70-74,1003,898.0,1,5,5.0934446499485615,P→Q / S→T,-0.20196454345983306,0.11007681538807366,0.0005842590306248735,0.9994504216350303,0.03988831272437176
0237,70-74,969,919.0,1,4,6.085203266250959,P→Q / S→T,0.16777912814556462,0.25436343994956345,0.1701910629196649,0.8703763916532193,0.0
0153,75-79,864,1041.5,0,2,11.575417106959376,Q→R / S→T,0.00139786048559885,0.2597888208856118,0.10601878304321513,0.906813077331512,0.0
0276,75-79,866,1038.0,7,6,1.288899350392517,S→T / T→P,-0.06767742598563925,-0.00989254440982483,0.16084585065635745,0.8529551559337413,0.0
0312,80-84,777,1158.0,4,6,0.8127358929636836,P→Q / S→T,-0.0621821992071929,-0.003067834013111209,0.1628906318602518,0.8176534795902389,0.0
0249,80-84,875,1019.0,4,0,12.160764449975263,P→Q / R→S,-0.03901683777730543,0.05589730645295597,0.35610103950346905,0.6578988208837766,0.0
0188,85-92,893,999.0,6,7,1.6245832444311268,P→Q / S→T,0.0240165942101375,0.07221889311380754,0.022318888467884535,0.9818530453955776,0.0
0323,85-92,915,979.0,3,1,3.035041081968358,P→Q / S→T,0.16797755004348025,0.2910315925181341,0.10127427143804957,0.8462771225822497,0.0
