record,age,rails_pct,H_distinct,H_merged,P_overlaps,P_overlap_pairs,zP_central,zP_backward,P_PQ,P_QR,P_RS,P_ST,P_TP
0060,18-19,55.6,3,Q-R/T-P R-S/S-T,0,,none,none,0.14,0.517,0.017,0.945,0.442
0465,18-19,36.9,4,Q-R/T-P,5,P-Q/R-S Q-R/S-T R-S/S-T R-S/T-P S-T/T-P,S-T/T-P,S-T/T-P,0.196,0.558,0.14,0.615,0.444
1112,20-24,22.9,4,Q-R/T-P,6,P-Q/R-S P-Q/S-T Q-R/S-T R-S/S-T R-S/T-P S-T/T-P,P-Q/R-S S-T/T-P,S-T/T-P,0.326,0.618,0.152,0.666,0.454
0002,20-24,0.8,3,Q-R/T-P R-S/S-T,3,P-Q/T-P Q-R/S-T Q-R/T-P,none,P-Q/T-P,0.456,0.64,0.102,0.839,0.522
0155,25-29,55.9,3,Q-R/T-P R-S/S-T,0,,none,none,0.148,0.517,0.019,0.941,0.448
0515,25-29,55.5,3,Q-R/T-P R-S/S-T,2,P-Q/R-S Q-R/S-T,P-Q/R-S,none,0.213,0.542,0.037,0.887,0.453
0612,30-34,0.2,1,P-Q/R-S P-Q/S-T Q-R/T-P R-S/S-T,2,P-Q/R-S Q-R/T-P,P-Q/R-S,none,0.38,0.607,0.263,0.859,0.604
0275,30-34,38.6,4,Q-R/T-P,7,P-Q/R-S P-Q/S-T Q-R/R-S Q-R/S-T R-S/S-T R-S/T-P S-T/T-P,P-Q/R-S R-S/S-T S-T/T-P,P-Q/R-S,0.177,0.549,0.196,0.518,0.446
0897,35-39,1.0,5,,7,P-Q/S-T Q-R/R-S Q-R/S-T Q-R/T-P R-S/S-T R-S/T-P S-T/T-P,P-Q/S-T Q-R/R-S S-T/T-P,Q-R/R-S,0.208,0.599,0.616,0.383,0.484
0248,35-39,35.9,3,Q-R/T-P R-S/S-T,1,P-Q/R-S,P-Q/R-S,none,0.164,0.535,0.039,0.846,0.443
0164,40-44,38.6,3,P-Q/R-S Q-R/T-P,3,P-Q/R-S Q-R/S-T Q-R/T-P,P-Q/R-S,P-Q/R-S,0.058,0.482,0.065,0.697,0.441
0314,40-44,34.8,2,P-Q/R-S Q-R/T-P R-S/S-T,1,P-Q/R-S,P-Q/R-S,P-Q/R-S,0.041,0.469,0.033,0.85,0.441
0114,45-49,5.3,3,P-Q/R-S Q-R/T-P,7,P-Q/R-S Q-R/R-S Q-R/S-T Q-R/T-P R-S/S-T R-S/T-P S-T/T-P,P-Q/R-S Q-R/R-S S-T/T-P,P-Q/R-S Q-R/R-S S-T/T-P,0.122,0.512,0.243,0.721,0.503
0395,45-49,26.7,4,P-Q/R-S,6,P-Q/R-S Q-R/R-S Q-R/S-T R-S/S-T R-S/T-P S-T/T-P,P-Q/R-S Q-R/R-S S-T/T-P,Q-R/R-S,0.115,0.522,0.313,0.361,0.449
0401,50-54,49.9,2,P-Q/R-S Q-R/T-P R-S/S-T,4,P-Q/R-S Q-R/S-T Q-R/T-P S-T/T-P,P-Q/R-S S-T/T-P,P-Q/R-S,0.051,0.475,0.078,0.697,0.441
0936,50-54,16.6,4,P-Q/S-T,8,P-Q/R-S P-Q/S-T Q-R/R-S Q-R/S-T Q-R/T-P R-S/S-T R-S/T-P S-T/T-P,P-Q/S-T Q-R/R-S S-T/T-P,Q-R/R-S,0.063,0.511,0.55,0.287,0.461
0082,55-59,15.1,5,,7,P-Q/R-S P-Q/S-T Q-R/R-S Q-R/S-T R-S/S-T R-S/T-P S-T/T-P,P-Q/R-S R-S/S-T S-T/T-P,P-Q/R-S,0.087,0.505,0.418,0.296,0.453
0420,55-59,35.9,4,P-Q/R-S,3,P-Q/R-S Q-R/S-T S-T/T-P,P-Q/R-S S-T/T-P,P-Q/R-S,0.14,0.535,0.179,0.479,0.444
0053,60-64,3.7,3,Q-R/T-P R-S/S-T,2,P-Q/R-S Q-R/T-P,P-Q/R-S,none,0.168,0.528,0.094,0.847,0.469
0942,60-64,4.7,4,Q-R/T-P,5,P-Q/R-S P-Q/T-P Q-R/S-T Q-R/T-P S-T/T-P,none,S-T/T-P,0.283,0.586,0.062,0.767,0.521
0413,65-69,0.4,3,P-Q/S-T Q-R/T-P,7,P-Q/R-S Q-R/R-S Q-R/S-T Q-R/T-P R-S/S-T R-S/T-P S-T/T-P,P-Q/R-S S-T/T-P,S-T/T-P,0.126,0.518,0.404,0.543,0.498
0214,65-69,2.0,2,Q-R/R-S Q-R/T-P R-S/T-P,2,P-Q/S-T Q-R/T-P,P-Q/S-T,P-Q/S-T,0.105,0.499,0.965,0.049,0.477
0229,70-74,36.1,5,,6,P-Q/S-T Q-R/R-S Q-R/T-P R-S/S-T R-S/T-P S-T/T-P,P-Q/S-T Q-R/R-S R-S/S-T R-S/T-P S-T/T-P,Q-R/R-S R-S/S-T R-S/T-P S-T/T-P,0.109,0.547,0.473,0.276,0.443
0237,70-74,8.3,4,P-Q/R-S,7,P-Q/R-S P-Q/S-T Q-R/R-S Q-R/S-T R-S/S-T R-S/T-P S-T/T-P,P-Q/R-S Q-R/R-S R-S/S-T S-T/T-P,P-Q/R-S Q-R/R-S,0.168,0.555,0.346,0.418,0.458
0153,75-79,38.7,4,Q-R/T-P,1,Q-R/S-T,none,none,0.219,0.567,0.128,0.563,0.445
0276,75-79,0.1,3,Q-R/T-P S-T/T-P,6,P-Q/Q-R P-Q/S-T P-Q/T-P Q-R/S-T Q-R/T-P S-T/T-P,P-Q/Q-R P-Q/S-T S-T/T-P,P-Q/S-T S-T/T-P,0.676,0.731,0.432,0.693,0.895
0312,80-84,0.9,4,Q-R/T-P,7,P-Q/Q-R P-Q/R-S P-Q/S-T P-Q/T-P Q-R/S-T Q-R/T-P S-T/T-P,S-T/T-P,S-T/T-P,0.409,0.593,0.128,0.625,0.696
0249,80-84,0.0,1,P-Q/R-S P-Q/S-T Q-R/T-P R-S/S-T,2,P-Q/R-S Q-R/T-P,none,none,0.338,0.613,0.405,0.931,0.607
0188,85-92,4.9,4,P-Q/R-S,8,P-Q/R-S P-Q/S-T P-Q/T-P Q-R/S-T Q-R/T-P R-S/S-T R-S/T-P S-T/T-P,Q-R/S-T S-T/T-P,P-Q/T-P S-T/T-P,0.318,0.627,0.363,0.582,0.488
0323,85-92,0.3,3,P-Q/S-T Q-R/T-P,3,Q-R/S-T Q-R/T-P S-T/T-P,none,S-T/T-P,0.313,0.568,0.035,0.742,0.542
